<?xml version="1.0" encoding="UTF-8"?>
<project-private xmlns="http://www.netbeans.org/ns/project-private/1">
    <editor-bookmarks xmlns="http://www.netbeans.org/ns/editor-bookmarks/2" lastBookmarkId="0"/>
    <open-files xmlns="http://www.netbeans.org/ns/projectui-open-files/2">
        <group>
            <file>file:/C:/Users/Aaron/Desktop/ProyectoLosPollitos/src/proyectolospollitos/Menu.java</file>
            <file>file:/C:/Users/Aaron/Desktop/ProyectoLosPollitos/src/proyectolospollitos/Productos.java</file>
            <file>file:/C:/Users/Aaron/Desktop/ProyectoLosPollitos/src/proyectolospollitos/Marcas.java</file>
            <file>file:/C:/Users/Aaron/Desktop/ProyectoLosPollitos/src/proyectolospollitos/Categorias.java</file>
            <file>file:/C:/Users/Aaron/Desktop/ProyectoLosPollitos/src/proyectolospollitos/Rutinas.java</file>
            <file>file:/C:/Users/Aaron/Desktop/ProyectoLosPollitos/src/proyectolospollitos/ProyectoLosPollitos.java</file>
        </group>
    </open-files>
</project-private>
